{"FRAT1_perc": {"T": 19.70554926387316, "A": 18.04454511136278, "C": 30.20007550018875, "G": 32.049830124575315}}